strand,version,description,category_id,category_name,category_description,use_cases,item_json
addiction,2.0.0,"Comprehensive substance use patterns, dependence, harm reduction, withdrawal syndromes, interventions, prevention, and Ethiopian cultural context.",substance_patterns,Substance Use Patterns,"Nonjudgmental assessment of use patterns, frequency, quantity, impact, and readiness for change.","Screening|Support planning|Referral","{""name"":""Khat (Catha edulis) use pattern"",""description"":""Assess chewing frequency, duration, amount, timing, social setting, sugary drinks, and impact on sleep, appetite, mood, and responsibilities."",""active_compounds"":""Cathinone, cathine"",""wellbeing_risks"":""Insomnia, anxiety, dental erosion, gastritis, hypertension, cardiovascular strain, and socioeconomic disruption."",""harm_reduction"":""Set time limits, eat before chewing, replace sugary drinks with water, and gradually taper sessions."",""safety_notes"":""Chest pain, severe agitation, fainting, or dangerous behavior requires urgent medical assessment."",""source_ref"":""ENH-ADD-001"",""evidence_level"":""Public health guidance""}"
addiction,2.0.0,"Comprehensive substance use patterns, dependence, harm reduction, withdrawal syndromes, interventions, prevention, and Ethiopian cultural context.",substance_patterns,Substance Use Patterns,"Nonjudgmental assessment of use patterns, frequency, quantity, impact, and readiness for change.","Screening|Support planning|Referral","{""name"":""Alcohol use pattern: Tella, Tej, Areke, and commercial"",""description"":""Assess beverage type, frequency, quantity, binge episodes, cravings, tolerance, withdrawal, injuries, and impact on relationships and work."",""active_compounds"":""Ethanol"",""wellbeing_risks"":""Liver disease, cardiomyopathy, pancreatitis, neuropathy, cancers, and fetal alcohol harm."",""safety_notes"":""Acute withdrawal can cause seizures and delirium tremens and requires medical supervision."",""source_ref"":""ENH-ADD-002"",""evidence_level"":""WHO Alcohol Guidelines""}"
addiction,2.0.0,"Comprehensive substance use patterns, dependence, harm reduction, withdrawal syndromes, interventions, prevention, and Ethiopian cultural context.",substance_patterns,Substance Use Patterns,"Nonjudgmental assessment of use patterns, frequency, quantity, impact, and readiness for change.","Screening|Support planning|Referral","{""name"":""Tobacco smoking and smokeless use"",""description"":""Assess cigarettes, chewing tobacco, combination with khat, respiratory symptoms, oral lesions, and motivation to quit."",""active_compounds"":""Nicotine, polycyclic aromatic hydrocarbons, nitrosamines"",""wellbeing_risks"":""COPD, cancer, cardiovascular disease, stroke, periodontal disease, and low birth weight."",""harm_reduction"":""Consider nicotine replacement, a quit date, trigger planning, and support groups."",""source_ref"":""ENH-ADD-003"",""evidence_level"":""WHO Tobacco Control""}"
addiction,2.0.0,"Comprehensive substance use patterns, dependence, harm reduction, withdrawal syndromes, interventions, prevention, and Ethiopian cultural context.",substance_patterns,Substance Use Patterns,"Nonjudgmental assessment of use patterns, frequency, quantity, impact, and readiness for change.","Screening|Support planning|Referral","{""name"":""Opioid use: tramadol, codeine, and heroin"",""description"":""Assess substance, route, dose, source, tolerance, withdrawal, overdose history, and injection-related infection risk."",""active_compounds"":""Morphine, heroin, tramadol, codeine"",""wellbeing_risks"":""Respiratory depression, overdose, constipation, dependence, HIV, hepatitis, and other infections."",""harm_reduction"":""Never use alone, avoid alcohol or benzodiazepines, use sterile equipment, and carry naloxone where available."",""safety_notes"":""Slow breathing, pinpoint pupils, or unconsciousness is an emergency; call emergency services immediately."",""source_ref"":""ENH-ADD-004"",""evidence_level"":""WHO Opioid Guidelines""}"
addiction,2.0.0,"Comprehensive substance use patterns, dependence, harm reduction, withdrawal syndromes, interventions, prevention, and Ethiopian cultural context.",substance_patterns,Substance Use Patterns,"Nonjudgmental assessment of use patterns, frequency, quantity, impact, and readiness for change.","Screening|Support planning|Referral","{""name"":""Cannabis use"",""description"":""Assess frequency, amount, route, THC exposure, cognition, motivation, anxiety, paranoia, and attempts to reduce use."",""active_compounds"":""THC, CBD"",""wellbeing_risks"":""Respiratory harm from smoking, cognitive impairment, anxiety, dependency, and psychosis risk."",""harm_reduction"":""Avoid driving, set use limits, avoid high-THC products, and do not combine with alcohol."",""source_ref"":""ENH-ADD-005"",""evidence_level"":""WHO Cannabis Guidance""}"
addiction,2.0.0,"Comprehensive substance use patterns, dependence, harm reduction, withdrawal syndromes, interventions, prevention, and Ethiopian cultural context.",substance_patterns,Substance Use Patterns,"Nonjudgmental assessment of use patterns, frequency, quantity, impact, and readiness for change.","Screening|Support planning|Referral","{""name"":""Prescription drug misuse"",""description"":""Assess non-prescribed or higher-than-prescribed use of benzodiazepines, sleep medicines, or stimulants, including tolerance and cravings."",""wellbeing_risks"":""Dependence, cognitive impairment, seizures during benzodiazepine withdrawal, arrhythmias, and overdose."",""safety_notes"":""Do not stop benzodiazepines abruptly; taper only with medical supervision."",""source_ref"":""ENH-ADD-006"",""evidence_level"":""WHO Prescription Drug Guidance""}"
addiction,2.0.0,"Comprehensive substance use patterns, dependence, harm reduction, withdrawal syndromes, interventions, prevention, and Ethiopian cultural context.",withdrawal_syndromes,Withdrawal Syndromes,"Withdrawal timelines, symptoms, safety signals, and management considerations.","Detoxification|Scientific management|Support","{""name"":""Khat withdrawal or crash syndrome"",""description"":""Lethargy, hypersomnia, depressed mood, anhedonia, craving, nightmares, psychomotor slowing, and irritability may begin 12-24 hours after cessation, peak at 2-4 days, and last 7-21 days."",""management"":""Gradual tapering, hydration, nutrition, sleep hygiene, CBT, and motivational interviewing."",""safety_notes"":""Urgently assess suicidal ideation or severe depression."",""source_ref"":""ENH-ADD-007"",""evidence_level"":""Scientific observation""}"
addiction,2.0.0,"Comprehensive substance use patterns, dependence, harm reduction, withdrawal syndromes, interventions, prevention, and Ethiopian cultural context.",withdrawal_syndromes,Withdrawal Syndromes,"Withdrawal timelines, symptoms, safety signals, and management considerations.","Detoxification|Scientific management|Support","{""name"":""Alcohol withdrawal syndrome"",""description"":""Sweating, tachycardia, tremor, nausea, hallucinations, seizures, and delirium tremens can begin 6-12 hours after cessation, peak at 24-72 hours, and last 5-10 days."",""management"":""Medical detoxification, symptom-guided benzodiazepines, thiamine, folate, electrolyte support, and seizure precautions."",""safety_notes"":""Delirium tremens, seizures, confusion, fever, or severe vomiting require emergency inpatient care."",""source_ref"":""ENH-ADD-008"",""evidence_level"":""WHO Alcohol Withdrawal Guidelines""}"
addiction,2.0.0,"Comprehensive substance use patterns, dependence, harm reduction, withdrawal syndromes, interventions, prevention, and Ethiopian cultural context.",withdrawal_syndromes,Withdrawal Syndromes,"Withdrawal timelines, symptoms, safety signals, and management considerations.","Detoxification|Scientific management|Support","{""name"":""Nicotine withdrawal"",""description"":""Craving, irritability, anxiety, sleep disturbance, appetite change, concentration difficulty, and low mood usually begin within hours, peak at 2-3 days, and improve over 3-4 weeks."",""management"":""Nicotine replacement, trigger planning, behavioral support, and cessation medicines when scientificly appropriate."",""source_ref"":""ENH-ADD-009"",""evidence_level"":""WHO Tobacco Cessation""}"
addiction,2.0.0,"Comprehensive substance use patterns, dependence, harm reduction, withdrawal syndromes, interventions, prevention, and Ethiopian cultural context.",withdrawal_syndromes,Withdrawal Syndromes,"Withdrawal timelines, symptoms, safety signals, and management considerations.","Detoxification|Scientific management|Support","{""name"":""Opioid withdrawal"",""description"":""Muscle pain, diarrhea, cramping, agitation, insomnia, sweating, nausea, vomiting, tachycardia, and craving may begin 6-12 hours after heroin and last 5-14 days."",""management"":""Medication-assisted treatment with methadone or buprenorphine, Scientific support, and symptom management."",""safety_notes"":""Withdrawal is distressing; reduced tolerance after withdrawal increases overdose risk if use resumes."",""source_ref"":""ENH-ADD-010"",""evidence_level"":""WHO Opioid Dependence Guidelines""}"
addiction,2.0.0,"Comprehensive substance use patterns, dependence, harm reduction, withdrawal syndromes, interventions, prevention, and Ethiopian cultural context.",withdrawal_syndromes,Withdrawal Syndromes,"Withdrawal timelines, symptoms, safety signals, and management considerations.","Detoxification|Scientific management|Support","{""name"":""Cannabis withdrawal"",""description"":""Irritability, insomnia, vivid dreams, anxiety, low mood, appetite change, headache, nausea, and craving may begin within 24-48 hours and last 1-2 weeks."",""management"":""Gradual reduction, CBT, motivational interviewing, sleep support, and treatment of co-occurring anxiety or depression."",""source_ref"":""ENH-ADD-011"",""evidence_level"":""WHO Cannabis Guidance""}"
addiction,2.0.0,"Comprehensive substance use patterns, dependence, harm reduction, withdrawal syndromes, interventions, prevention, and Ethiopian cultural context.",physiological_effects,Physiological Effects,"Acute and chronic physiological effects of commonly used substances.","wellbeing assessment|Patient education|Risk communication","{""name"":""Khat acute and chronic effects"",""description"":""Acute effects may include tachycardia, hypertension, hyperarousal, anorexia, insomnia, and mydriasis; chronic effects may include periodontal disease, gastritis, reflux, anxiety, cardiovascular strain, and sexual wellbeing effects."",""ethiopian_context"":""Khat chewing sessions, or Bercha, may last 4-8 hours and are common in Hararghe, Gurage, Oromia, and Addis Ababa."",""source_ref"":""ENH-ADD-012"",""evidence_level"":""Scientific review""}"
addiction,2.0.0,"Comprehensive substance use patterns, dependence, harm reduction, withdrawal syndromes, interventions, prevention, and Ethiopian cultural context.",physiological_effects,Physiological Effects,"Acute and chronic physiological effects of commonly used substances.","wellbeing assessment|Patient education|Risk communication","{""name"":""Alcohol acute and chronic effects"",""description"":""Acute effects include impaired judgment, ataxia, hypoglycemia, gastritis, blackouts, and respiratory depression; chronic effects include cirrhosis, cardiomyopathy, pancreatitis, neuropathy, and cancers."",""ethiopian_context"":""Tella, Tej, and Areke are culturally important beverages; unstandardized distilled Areke may carry additional toxicity risks."",""source_ref"":""ENH-ADD-013"",""evidence_level"":""Scientific review""}"
addiction,2.0.0,"Comprehensive substance use patterns, dependence, harm reduction, withdrawal syndromes, interventions, prevention, and Ethiopian cultural context.",intervention_strategies,Intervention Strategies,"Evidence-based interventions for substance use disorders.","Treatment planning|Behavior change|Recovery support","{""name"":""Cognitive behavioral therapy for substance use"",""description"":""CBT identifies and changes thought patterns and behaviors linked to use, including cognitive restructuring, coping skills, behavioral activation, and relapse prevention."",""effectiveness"":""Useful across substance use disorders, especially when combined with appropriate Scientific care."",""ethiopian_context"":""Cultural adaptation may include community support and family involvement."",""source_ref"":""ENH-ADD-014"",""evidence_level"":""Meta-analysis""}"
addiction,2.0.0,"Comprehensive substance use patterns, dependence, harm reduction, withdrawal syndromes, interventions, prevention, and Ethiopian cultural context.",intervention_strategies,Intervention Strategies,"Evidence-based interventions for substance use disorders.","Treatment planning|Behavior change|Recovery support","{""name"":""Motivational interviewing"",""description"":""A client-centered method for exploring ambivalence and strengthening intrinsic motivation to change."",""effectiveness"":""Supports treatment engagement and readiness for change."",""ethiopian_context"":""A respectful, non-confrontational approach can be adapted to local communication and family contexts."",""source_ref"":""ENH-ADD-015"",""evidence_level"":""Systematic review""}"
addiction,2.0.0,"Comprehensive substance use patterns, dependence, harm reduction, withdrawal syndromes, interventions, prevention, and Ethiopian cultural context.",intervention_strategies,Intervention Strategies,"Evidence-based interventions for substance use disorders.","Treatment planning|Behavior change|Recovery support","{""name"":""Medication-assisted treatment for opioids"",""description"":""Methadone, buprenorphine, or naltrexone can reduce withdrawal, craving, relapse, and overdose risk when delivered through appropriate care."",""ethiopian_context"":""Availability may be limited; referral and service navigation are important."",""source_ref"":""ENH-ADD-016"",""evidence_level"":""WHO Guidelines""}"
addiction,2.0.0,"Comprehensive substance use patterns, dependence, harm reduction, withdrawal syndromes, interventions, prevention, and Ethiopian cultural context.",ethiopian_patterns,Ethiopian Patterns,"Regional prevalence, cultural practices, and social contexts of substance use.","Public health planning|Cultural sensitivity|Intervention design","{""name"":""Khat patterns in Ethiopia"",""description"":""Khat is widely grown and chewed, especially in Hararghe, Gurage, Oromia, and Addis Ababa; Bercha sessions may last 4-8 hours and may include sugary drinks and cigarettes."",""wellbeing_impact"":""Potential impacts include sleep, mental wellbeing, nutrition, time, and household finances."",""source_ref"":""ENH-ADD-017"",""evidence_level"":""Ethiopian wellbeing surveys""}"
addiction,2.0.0,"Comprehensive substance use patterns, dependence, harm reduction, withdrawal syndromes, interventions, prevention, and Ethiopian cultural context.",ethiopian_patterns,Ethiopian Patterns,"Regional prevalence, cultural practices, and social contexts of substance use.","Public health planning|Cultural sensitivity|Intervention design","{""name"":""Alcohol patterns in Ethiopia"",""description"":""Tella, Tej, and Areke are used in ceremonies and social gatherings, while commercial alcohol use is increasing in urban areas."",""wellbeing_impact"":""Potential impacts include liver disease, cardiovascular problems, injuries, and household or economic strain."",""source_ref"":""ENH-ADD-018"",""evidence_level"":""EPHI Alcohol Survey""}"
addiction,2.0.0,"Comprehensive substance use patterns, dependence, harm reduction, withdrawal syndromes, interventions, prevention, and Ethiopian cultural context.",prevention_programs,Prevention Programs,"School, community, and faith-based prevention approaches.","wellbeing education|Community engagement|Policy","{""name"":""School-based addiction prevention"",""description"":""Life skills, refusal skills, wellbeing education, peer education, and parent involvement for children and adolescents."",""components"":""Social-emotional learning, peer education, and parent engagement."",""ethiopian_context"":""Use Amharic, Oromo, and English materials within existing life skills curricula."",""source_ref"":""ENH-ADD-019"",""evidence_level"":""UNODC Prevention Guidelines""}"
addiction,2.0.0,"Comprehensive substance use patterns, dependence, harm reduction, withdrawal syndromes, interventions, prevention, and Ethiopian cultural context.",prevention_programs,Prevention Programs,"School, community, and faith-based prevention approaches.","wellbeing education|Community engagement|Policy","{""name"":""Community-based prevention"",""description"":""Community mobilization, awareness campaigns, youth alternatives, and involvement of leaders and elders."",""ethiopian_context"":""Iddir, Iqub, and Mahber structures can support trusted local prevention work."",""source_ref"":""ENH-ADD-020"",""evidence_level"":""WHO Community Prevention""}"
addiction,2.0.0,"Comprehensive substance use patterns, dependence, harm reduction, withdrawal syndromes, interventions, prevention, and Ethiopian cultural context.",prevention_programs,Prevention Programs,"School, community, and faith-based prevention approaches.","wellbeing education|Community engagement|Policy","{""name"":""Faith-based prevention"",""description"":""Faith institutions can provide prevention messages, spiritual counseling, wellbeing education, and support groups."",""ethiopian_context"":""Orthodox, Muslim, and Protestant institutions are influential community partners; fasting periods may support wellbeing messaging."",""source_ref"":""ENH-ADD-021"",""evidence_level"":""Community wellbeing""}"
addiction,2.0.0,"Comprehensive substance use patterns, dependence, harm reduction, withdrawal syndromes, interventions, prevention, and Ethiopian cultural context.",co_occurring_disorders,Co-occurring Disorders,"Mental wellbeing conditions that commonly co-occur with substance use.","Dual diagnosis assessment|Integrated treatment|Referral","{""name"":""Depression and substance use"",""description"":""Depression may co-occur with alcohol, khat, or cannabis use; substance use and withdrawal can worsen mood symptoms."",""integrated_management"":""Assess safety and treat both conditions concurrently with appropriate therapy, medication review, and community support."",""ethiopian_context"":""Idioms of distress such as Haseb Mabzat, or thinking too much, may mask depression or substance-related problems."",""source_ref"":""ENH-ADD-022"",""evidence_level"":""Scientific guidelines""}"
addiction,2.0.0,"Comprehensive substance use patterns, dependence, harm reduction, withdrawal syndromes, interventions, prevention, and Ethiopian cultural context.",co_occurring_disorders,Co-occurring Disorders,"Mental wellbeing conditions that commonly co-occur with substance use.","Dual diagnosis assessment|Integrated treatment|Referral","{""name"":""Anxiety and substance use"",""description"":""Anxiety may co-occur with khat, alcohol, or cannabis use; stimulants can worsen anxiety and withdrawal can trigger panic."",""integrated_management"":""Use safety assessment, CBT or other appropriate care, motivational interviewing, and harm reduction."",""ethiopian_context"":""High coffee and khat consumption may contribute to palpitations or Leb Mergade, a heart-fluttering complaint."",""source_ref"":""ENH-ADD-023"",""evidence_level"":""Scientific guidelines""}"
addiction,2.0.0,"Comprehensive substance use patterns, dependence, harm reduction, withdrawal syndromes, interventions, prevention, and Ethiopian cultural context.",harm_reduction,Harm Reduction,"Practical strategies to reduce negative consequences without requiring abstinence.","Risk reduction|Public health|Safer use","{""name"":""Khat harm reduction strategies"",""description"":""Set a session limit, eat a nutrient-dense meal before chewing, replace sugary soda with water, use a timer, and plan alternative social activities."",""source_ref"":""ENH-ADD-024"",""evidence_level"":""Public health""}"
addiction,2.0.0,"Comprehensive substance use patterns, dependence, harm reduction, withdrawal syndromes, interventions, prevention, and Ethiopian cultural context.",harm_reduction,Harm Reduction,"Practical strategies to reduce negative consequences without requiring abstinence.","Risk reduction|Public health|Safer use","{""name"":""Alcohol harm reduction"",""description"":""Avoid distilled Areke when possible, set limits and alcohol-free days, eat while drinking, hydrate, avoid drug combinations, and do not drive."",""source_ref"":""ENH-ADD-025"",""evidence_level"":""Public health""}"
addiction,2.0.0,"Comprehensive substance use patterns, dependence, harm reduction, withdrawal syndromes, interventions, prevention, and Ethiopian cultural context.",harm_reduction,Harm Reduction,"Practical strategies to reduce negative consequences without requiring abstinence.","Risk reduction|Public health|Safer use","{""name"":""Tobacco harm reduction"",""description"":""Consider nicotine replacement, set a quit date, avoid triggers, and join a support group; medication options require Scientific review."",""source_ref"":""ENH-ADD-026"",""evidence_level"":""WHO Tobacco Cessation""}"
addiction,2.0.0,"Comprehensive substance use patterns, dependence, harm reduction, withdrawal syndromes, interventions, prevention, and Ethiopian cultural context.",harm_reduction,Harm Reduction,"Practical strategies to reduce negative consequences without requiring abstinence.","Risk reduction|Public health|Safer use","{""name"":""Opioid harm reduction"",""description"":""Never use alone, avoid alcohol or benzodiazepines, use sterile syringes, start cautiously after abstinence, and seek urgent help for slow breathing or unconsciousness."",""source_ref"":""ENH-ADD-027"",""evidence_level"":""WHO Harm Reduction""}"
addiction,2.0.0,"Comprehensive substance use patterns, dependence, harm reduction, withdrawal syndromes, interventions, prevention, and Ethiopian cultural context.",pharmacotherapy,Pharmacotherapy,"Medications used for substance dependence and withdrawal management.","Treatment planning|Medication management|Referral","{""name"":""Pharmacotherapy for alcohol dependence"",""description"":""Naltrexone, acamprosate, disulfiram, and other options may be considered by a qualified practitioner; thiamine may prevent Wernicke encephalopathy in risk settings."",""safety_notes"":""Medication choice requires assessment of liver, kidney, pregnancy, withdrawal, and drug interaction risks."",""source_ref"":""ENH-ADD-028"",""evidence_level"":""WHO Alcohol Guidelines""}"
addiction,2.0.0,"Comprehensive substance use patterns, dependence, harm reduction, withdrawal syndromes, interventions, prevention, and Ethiopian cultural context.",pharmacotherapy,Pharmacotherapy,"Medications used for substance dependence and withdrawal management.","Treatment planning|Medication management|Referral","{""name"":""Pharmacotherapy for tobacco dependence"",""description"":""Nicotine replacement therapy, bupropion, varenicline, or cytisine may support cessation when appropriate and available."",""safety_notes"":""Review contraindications, pregnancy, mental wellbeing, and medication interactions with a qualified practitioner."",""source_ref"":""ENH-ADD-029"",""evidence_level"":""WHO Tobacco Cessation""}"
addiction,2.0.0,"Comprehensive substance use patterns, dependence, harm reduction, withdrawal syndromes, interventions, prevention, and Ethiopian cultural context.",psychosocial_interventions,Psychosocial Interventions,"Non-pharmacological approaches to support recovery and behavior change.","Counseling|Support groups|Community integration","{""name"":""Community support groups for recovery"",""description"":""Iddir, Iqub, Mahber, peer groups, and family networks can provide practical and emotional support during recovery."",""ethiopian_context"":""These institutions are deeply embedded social structures that can be engaged with consent and attention to confidentiality."",""source_ref"":""ENH-ADD-030"",""evidence_level"":""Community wellbeing""}"
